{
    "grid_size": 5,
    "target_areas": [
        [
            3,
            2
        ]
    ],
    "forbidden_areas": [
        [
            1,
            1
        ],
        [
            1,
            2
        ],
        [
            2,
            2
        ],
        [
            3,
            1
        ],
        [
            3,
            3
        ],
        [
            4,
            1
        ]
    ],
    "optimal_value": {
        "(0, 0)": 3.4867844010000004,
        "(0, 1)": 3.8742048900000006,
        "(0, 2)": 4.3046721,
        "(0, 3)": 4.7829690000000005,
        "(0, 4)": 5.3144100000000005,
        "(1, 0)": 3.1381059609000004,
        "(1, 1)": 3.4867844010000004,
        "(1, 2)": 4.7829690000000005,
        "(1, 3)": 5.3144100000000005,
        "(1, 4)": 5.9049000000000005,
        "(2, 0)": 2.82429536481,
        "(2, 1)": 2.541865828329,
        "(2, 2)": 10.0,
        "(2, 3)": 5.9049000000000005,
        "(2, 4)": 6.561,
        "(3, 0)": 2.541865828329,
        "(3, 1)": 10.0,
        "(3, 2)": 0.0,
        "(3, 3)": 10.0,
        "(3, 4)": 7.29,
        "(4, 0)": 2.2876792454961,
        "(4, 1)": 9.0,
        "(4, 2)": 10.0,
        "(4, 3)": 9.0,
        "(4, 4)": 8.1
    },
    "optimal_policy": {
        "(0, 0)": {
            "right": 1.0
        },
        "(0, 1)": {
            "right": 1.0
        },
        "(0, 2)": {
            "right": 1.0
        },
        "(0, 3)": {
            "down": 1.0
        },
        "(0, 4)": {
            "down": 1.0
        },
        "(1, 0)": {
            "up": 1.0
        },
        "(1, 1)": {
            "up": 1.0
        },
        "(1, 2)": {
            "right": 1.0
        },
        "(1, 3)": {
            "down": 1.0
        },
        "(1, 4)": {
            "down": 1.0
        },
        "(2, 0)": {
            "up": 1.0
        },
        "(2, 1)": {
            "left": 1.0
        },
        "(2, 2)": {
            "down": 1.0
        },
        "(2, 3)": {
            "right": 1.0
        },
        "(2, 4)": {
            "down": 1.0
        },
        "(3, 0)": {
            "up": 1.0
        },
        "(3, 1)": {
            "right": 1.0
        },
        "(3, 2)": {
            "up": 1.0
        },
        "(3, 3)": {
            "left": 1.0
        },
        "(3, 4)": {
            "down": 1.0
        },
        "(4, 0)": {
            "up": 1.0
        },
        "(4, 1)": {
            "right": 1.0
        },
        "(4, 2)": {
            "up": 1.0
        },
        "(4, 3)": {
            "left": 1.0
        },
        "(4, 4)": {
            "left": 1.0
        }
    }
}